id,ws_id,c_sky_cndt_id,c_wthr_typ_id,c_wnd_drct_id,weather_date,dry_bulb_temperature,wet_bulb_temperature,minimum_temperature,maximum_temperature,relative_humidity,visibility_km,wind_speed_kmh,wind_gust_kmh,rain_mm,snow_cm,hail_mm,dew_point,high_cloud_amt,middle_cloud_amt,low_cloud_amt,cu_cloud_amt,cuplus_cloud_amt,cb_cloud_amt,grand_total,fine_fuel_moisture_code,initial_spread_index,duff_moisture_code,build_up_index,drought_code,daily_severity_rating,fire_weather_index,present_weather,weather_remarks,station_id,c_wnd_drct_type,c_sky_cndt_type,name
5574425,4232,,2,3,2026-09-29 12:00:00,12.3,,,,48,,37,52,0,,,2,,,,,,,,88.9,23.6,62.9,99,580.8,32.14,54.4,,,58L,SW,,Calgary
5574426,4198,,2,1,2026-09-29 12:00:00,18.9,,,,37,,50,76,0,,,5,,,,,,,,91.2,62.9,35.8,54.2,277.8,57.54,75.6,,,603,W,,Calgary
5574523,4207,,2,3,2026-09-29 12:00:00,18.2,,,,39,,39,57,0,,,5,,,,,,,,90.8,34.3,39,58.1,285,31.7,54,,,616,SW,,Calgary
5574427,4208,,2,7,2026-09-29 12:00:00,19.5,,,,36,,35,,0,,,5,,,,,,,,90,25.2,49.4,78.3,470.7,28.66,51,,,722,NW,,Calgary
5574429,4203,,2,1,2026-09-29 12:00:00,19.5,,,,34,,62,87,0,,,4,,,,,,,,91.8,126.2,39.3,60.7,332.5,127.28,118.5,,,725,W,,Calgary
5574431,4196,,2,3,2026-09-29 12:00:00,18.2,,,,37,,31,46,0,,,4,,,,,,,,91.1,23.9,42.5,65.2,351.1,23.29,45.4,,,753,SW,,Calgary
5574432,4197,,2,1,2026-09-29 12:00:00,19,,,,33,,40,58,0,,,3,,,,,,,,89.7,30.9,36.6,57.5,335.1,28.02,50.4,,,763,W,,Calgary
5574433,4193,,2,4,2026-09-29 12:00:00,9.9,,,,55,,10,29,0.2,,,2,,,,,,,,86.4,4.3,31.6,52.5,390.5,2.22,12,,,777,SE,,Calgary
5574435,4231,,2,7,2026-09-29 12:00:00,10.5,,,,65,,5,22,0.2,,,5,,,,,,,,86,3.1,31.7,53.8,440.3,1.44,9.4,,,84L,NW,,Calgary
5574524,4199,,2,3,2026-09-29 12:00:00,19,,,,35,,48,68,0,,,4,,,,,,,,91.7,61.3,39.4,58.9,290.9,59.61,77.2,,,863,SW,,Calgary
5574525,4210,,2,3,2026-09-29 12:00:00,18.4,,,,33,,38,54,0,,,2,,,,,,,,91.1,34.3,38.2,58.4,308.5,31.76,54.1,,,876,SW,,Calgary
5574526,4211,,2,1,2026-09-29 12:00:00,19.8,,,,30,,41,62,0,,,2,,,,,,,,91.7,43.4,55,87.3,529.6,56.21,74.6,,,879,W,,Calgary
5574528,3716,,2,8,2026-09-29 12:00:00,7.1,,,,73,,23,,0,,,3,,,,,,,,,,,,,,,,,AKA,N,,Calgary
5574390,38,,2,1,2026-09-29 12:00:00,12.1,,,,49,,12,30,0,,,2,,,,,,,,88.2,6.1,34,53.7,318.4,3.68,16,,,B1,W,,Calgary
5574268,41,,2,5,2026-09-29 12:00:00,10.3,,,,66,,19,34,0,,,5,,,,,,,,86.5,6.8,31.7,52.3,372.8,4.16,17.2,,,B4,S,,Calgary
5574392,42,,2,5,2026-09-29 12:00:00,11.1,,,,51,,6,25,0,,,2,,,,,,,,88.2,4.5,44.5,70.5,424.2,3.17,14.7,,,B5,S,,Calgary
5574393,401,,2,1,2026-09-29 12:00:00,15.6,,,,34,,9,36,0,,,0,,,,,,,,91,7.8,31.1,44,188.2,4.29,17.4,,,B7,W,,Calgary
5574394,476,,2,7,2026-09-29 12:00:00,13.3,,,,41,,6,,0,,,1,,,,,,,,89.4,5.3,30.5,51.4,406.1,2.96,14.1,,,B8,NW,,Calgary
5574463,3694,,2,1,2026-09-29 12:00:00,19,,,,39.6,,44,66,0,,,6,,,,,,,,89,34.2,34.8,57.7,424.5,31.41,53.7,,,BARN,W,,Calgary
5574466,3692,,2,3,2026-09-29 12:00:00,18,,,,36.1,,16,37,0,,,3,,,,,,,,89.5,8.9,34,56,398.5,6.34,21.8,,,BDIA,SW,,Calgary
5574467,3691,,2,1,2026-09-29 12:00:00,20.3,,,,35,,13,30,0,,,5,,,,,,,,90,8.3,48.9,80.4,564.7,8.01,24.8,,,BROO,W,,Calgary
5574278,43,,2,3,2026-09-29 12:00:00,12.6,,,,54,,8,34,0,,,4,,,,,,,,88.2,4.9,31.3,44.2,187.2,2.3,12.3,,,C1,SW,,Calgary
5574279,45,,2,3,2026-09-29 12:00:00,10,,,,57,,24,49,0,,,2,,,,,,,,87.4,9.9,23.8,38.4,245.9,5.16,19.4,,,C3,SW,,Calgary
5574396,510,,2,7,2026-09-29 12:00:00,13.6,,,,47,,21,42,0,,,3,,,,,,,,88.9,10.6,38.7,51.7,195,7.27,23.5,,,C4,NW,,Calgary
5574280,675,,2,1,2026-09-29 12:00:00,13.7,,,,44,,22,47,0,,,2,,,,,,,,85.8,7.1,18.8,31.2,232,2.73,13.5,,,C5,W,,Calgary
5574283,3951,,2,7,2026-09-29 12:00:00,15.9,,,,40,,12,35,0,,,3,,,,,,,,91.2,9.3,33.7,48.1,210.4,5.81,20.7,,,CLA,NW,,Calgary
5574469,3699,,2,7,2026-09-29 12:00:00,18.9,,,,35.3,,14,32,0,,,4,,,,,,,,89.6,8.2,48.4,78.4,514.3,7.77,24.4,,,CLAK,NW,,Calgary
5574284,3851,,2,3,2026-09-29 12:00:00,11.1,,,,56,,12,,0,,,3,,,,,,,,88,5.8,28.1,46.7,347.9,3.07,14.4,,,CNA,SW,,Calgary
5574470,3698,,2,7,2026-09-29 12:00:00,17.8,,,,33.3,,16,,0,,,2,,,,,,,,90,9.6,43.5,69.5,430.2,8.45,25.6,,,CONS,NW,,Calgary
5574477,3695,,2,3,2026-09-29 12:00:00,17.6,,,,39.3,,41,68,0,,,4,,,,,,,,90.4,35.9,30,49,332.3,29.1,51.5,,,FTMC,SW,,Calgary
5574309,3853,,2,1,2026-09-29 12:00:00,14.9,,,,40,,30,46,0,,,2,,,,,,,,90.3,20.3,27.3,46.2,376.6,14.54,34.8,,,GHA,W,,Calgary
5574481,3704,,2,1,2026-09-29 12:00:00,18.3,,,,29.3,,26,,0,,,1,,,,,,,,90.8,17.7,43.8,73.7,576.7,18.31,39.6,,,HAND,W,,Calgary
5574489,3718,,2,4,2026-09-29 12:00:00,5,,,,95,,1,,3.9,,,5,,,,,,,,29.1,0,12.1,22.4,382.7,0,0,,,LLS,SE,,Calgary
5574490,3701,,2,1,2026-09-29 12:00:00,17.3,,,,34.5,,42,62,0.1,,,2,,,,,,,,89.4,32.8,40.9,69.2,558.3,34.7,56.8,,,LODG,W,,Calgary
5574491,3700,,2,1,2026-09-29 12:00:00,20,,,,32,,32,49,0,,,3,,,,,,,,91.1,25.3,50.6,82.5,561.2,30.09,52.4,,,MHAT,W,,Calgary
5574495,3708,,2,7,2026-09-29 12:00:00,17.2,,,,33.7,,15,,0,,,2,,,,,,,,90.2,9.5,45.4,70.9,406.6,8.43,25.6,,,OYEN,NW,,Calgary
5574497,4634,,2,7,2026-09-29 12:00:00,16.7,,,,35,,19,,0,,,2,,,,,,,,91.2,13.3,32.9,57.3,559.1,10.55,29,,,PCI,NW,,Calgary
5574360,3931,,2,3,2026-09-29 12:00:00,15.7,,,,38,,14,38,0,,,2,,,,,,,,88.4,6.9,24.1,38.1,227.5,3.15,14.6,,,SEA,SW,,Calgary
5574499,3706,,2,7,2026-09-29 12:00:00,19.4,,,,34.8,,20,36,0,,,4,,,,,,,,89.9,11.5,38.1,62.7,443.2,9.58,27.5,,,SOCP,NW,,Calgary
5574529,3715,,2,8,2026-09-29 12:00:00,16.8,,,,37.2,,20,,0.1,,,3,,,,,,,,89.1,10.4,37.7,63.2,487,8.5,25.7,,,STRA,N,,Calgary
5574505,3712,,2,3,2026-09-29 12:00:00,17.7,,,,36.3,,33,48,0,,,3,,,,,,,,90.6,24.8,49,79.1,512.5,28.43,50.8,,,VULC,SW,,Calgary
5574382,3852,,2,7,2026-09-29 12:00:00,11.8,,,,44,,3,33,0,,,1,,,,,,,,89.3,4.5,28.8,45,258.8,2.06,11.5,,,WAA,NW,,Calgary
5574506,3711,,2,1,2026-09-29 12:00:00,18.2,,,,35.1,,40,57,0,,,3,,,,,,,,91.9,42.1,51.2,76,368.7,48.81,68.9,,,WARN,W,,Calgary
5574510,3655,,2,3,2026-09-29 12:00:00,14.4,,,,47,,19,45,0,,,4,,,,,,,,89.2,10,29.6,45.9,255.7,6.08,21.3,,,WGM,SW,,Calgary
5574514,3653,,2,3,2026-09-29 12:00:00,9.5,,,,64,,13,,0,,,4,,,,,,,,85.9,4.6,30.4,51.4,415.3,2.41,12.6,,,WZG,SW,,Calgary
5574515,1372,,2,1,2026-09-29 12:00:00,13.7,,,,47,,20,41,0,,,3,,,,,,,,89.2,10.4,26.3,43,294.4,6.07,21.2,,,XAA,W,,Calgary
5574519,4631,,2,1,2026-09-29 12:00:00,19.1,,,,38,,28,52,0,,,5,,,,,,,,91.3,21.3,38.6,59.1,314.7,18.84,40.3,,,YQL,W,,Calgary
5574530,3099,,2,3,2026-09-29 12:00:00,13.7,,,,46,,9,33,0,,,3,,,,,,,,89.2,6,26.2,42,263.8,2.86,13.9,,,ZPK,SW,,Calgary
5574424,4171,,2,1,2026-09-29 12:00:00,10.4,,,,25,,13,36,0,,,-8,,,,,,,,82.1,2.8,9.8,16.6,131,0.31,4,,,501,W,,Edson
5574430,4194,,2,3,2026-09-29 12:00:00,12.2,,,,29,,21,39,0,,,-5,,,,,,,,87,8.1,13.7,23.5,209.9,2.51,12.9,,,743,SW,,Edson
5574264,2951,,2,8,2026-09-29 12:00:00,12.7,,,,34,,10,29,0.2,,,-2,,,,,,,,85,3.5,10.6,19.3,259.8,0.57,5.6,,,ANA,N,,Edson
5574468,4291,,2,7,2026-09-29 12:00:00,12.1,,,,38.8,,25,46,0.7,,,-1,,,,,,,,85.3,7.8,13.4,23.8,256.7,2.4,12.6,,,CARR,NW,,Edson
5574282,3012,,2,7,2026-09-29 12:00:00,10.4,,,,39,,22,40,0.4,,,-2,,,,,,,,86.3,7.7,17.5,26.9,143.3,2.66,13.3,,,CCA,NW,,Edson
5574471,2013,,2,1,2026-09-29 12:00:00,11.5,,,,31,,22,,1.4,,,-5,,,,,,,,67.4,1.7,11.3,21,392.6,0.16,2.7,,,DEV,W,,Edson
5574294,67,,2,3,2026-09-29 12:00:00,11.5,,,,33,,5,28,0,,,-4,,,,,,,,86.4,3.3,12.1,21.7,266.2,0.59,5.7,,,E1,SW,,Edson
5574295,612,,2,1,2026-09-29 12:00:00,7,,,,45,,33,61,0.2,,,-4,,,,,,,,80.3,6.2,15.2,25.2,185.8,1.85,10.8,,,E5,W,,Edson
5574296,751,,2,7,2026-09-29 12:00:00,12.7,,,,26,,16,31,0,,,-6,,,,,,,,89.2,8.5,21.3,35.7,273.6,3.96,16.7,,,E7,NW,,Edson
5574475,4292,,2,7,2026-09-29 12:00:00,12.5,,,,40,,27,46,0,,,0,,,,,,,,87.1,11.1,22.3,37.2,281.8,5.78,20.6,,,EVBR,NW,,Edson
5574303,2892,,2,1,2026-09-29 12:00:00,12.1,,,,30,,19,,0.6,,,-4,,,,,,,,83.2,4.3,13.4,22.7,180.3,0.96,7.5,,,FNA,W,,Edson
5574306,2872,,2,1,2026-09-29 12:00:00,9.8,,,,28,,20,,0,,,-7,,,,,,,,85.4,6.1,9.5,14.1,67.6,1.03,7.8,,,FSA,W,,Edson
5574308,2931,,2,3,2026-09-29 12:00:00,5,,,,32,,26,58,0,,,-10,,,,,,,,84.2,7,10.1,18.3,228.4,1.63,10.1,,,GFA,SW,,Edson
5574482,3095,,2,1,2026-09-29 12:00:00,7.6,,,,35,,15,33,0,,,-6,,,,,,,,82.4,3.2,17.7,25.5,114,0.66,6,,,HDA,W,,Edson
5574317,3015,,2,1,2026-09-29 12:00:00,7.1,,,,43,,27,,0,,,-4,,,,,,,,83.2,6.5,19.3,30.9,192.4,2.39,12.5,,,HUA,W,,Edson
5574328,2911,,2,8,2026-09-29 12:00:00,9.2,,,,55,,7,26,0.2,,,1,,,,,,,,79.4,1.5,9.6,16.3,130.7,0.07,1.7,,,LOA,N,,Edson
5574329,3011,,2,7,2026-09-29 12:00:00,7.6,,,,50,,13,39,1,,,-2,,,,,,,,75.4,1.5,7.5,12.5,97,0.04,1.2,,,MBA,NW,,Edson
5574331,2891,,2,8,2026-09-29 12:00:00,11.8,,,,30,,9,32,0.4,,,-5,,,,,,,,87.1,4.5,12.8,22.9,271,1.02,7.8,,,MLA,N,,Edson
5574332,2971,,2,3,2026-09-29 12:00:00,7,,,,33,,11,44,0.2,,,-8,,,,,,,,84,3.2,13.8,23.8,220.8,0.62,5.9,,,MPA,SW,,Edson
5574362,3014,,2,3,2026-09-29 12:00:00,7.3,,,,48,,12,34,0,,,-2,,,,,,,,80.8,2.3,11.5,16.1,67,0.2,3.1,,,SIA,SW,,Edson
5574371,2071,,2,1,2026-09-29 12:00:00,12.4,,,,50,,21,,0,,,3,,,,,,,,85.8,6.8,25.3,39.9,234.5,3.22,14.8,,,THA,W,,Edson
5574418,4651,,2,7,2026-09-29 12:00:00,7.6,,,,42,,14,34,0.25,,,-4,,,,,,,,80.9,2.5,10,17.2,155.5,0.28,3.7,,,TOT,NW,,Edson
5574419,233,,2,7,2026-09-29 12:00:00,12.7,,,,38,,16,39,0,,,-1,,,,,,,,85.5,5.1,13.1,19.1,87.5,1.03,7.8,,,W2,NW,,Edson
5574420,4551,,2,1,2026-09-29 12:00:00,6.9,,,,44,,12,38,0.6,,,-4,,,,,,,,54.5,0.5,19.7,34.4,347.1,0.01,0.6,,,WEA,W,,Edson
5574511,3652,,2,3,2026-09-29 12:00:00,13.2,,,,30,,12,28,0,,,-3,,,,,,,,84.6,3.7,40.8,69.3,574,2.37,12.5,,,WJW,SW,,Edson
5574513,3719,,2,3,2026-09-29 12:00:00,10.2,,,,32,,8,30,0,,,-5,,,,,,,,,,,,,,,,,WWO,SW,,Edson
5574262,2232,,2,3,2026-09-29 12:00:00,7.6,,,,92,,21,,3.4,,,7,,,,,,,,44.2,0.2,11.2,20.6,331,0,0.2,,,ALA,SW,,Fort McMurray
5574273,2231,,2,1,2026-09-29 12:00:00,5.9,,,,93,,22,48,0,,,5,,,,,,,,74.1,2.2,6.9,12.6,188,0.13,2.5,,,BIA,W,,Fort McMurray
5574395,2171,,2,3,2026-09-29 12:00:00,8,,,,79,,17,32,0,,,5,,,,,,,,74.7,1.8,4.4,7.6,68.8,0.02,0.9,,,BNA,SW,,Fort McMurray
5574397,2172,,2,5,2026-09-29 12:00:00,9.9,,,,88,,8,,1.51,,,9,,,,,,,,46.9,0.2,3.5,6.6,138.6,0,0.1,,,CFA,S,,Fort McMurray
5574399,2332,,2,7,2026-09-29 12:00:00,5.5,,,,94,,13,37,0.3,,,5,,,,,,,,57.7,0.7,2,2.6,9.3,0,0.2,,,EDA,NW,,Fort McMurray
5574527,2311,,2,7,2026-09-29 12:00:00,8.9,,,,84,,8,24,0.6,,,7,,,,,,,,76.7,1.3,21.8,38.4,403.4,0.19,3,,,ELA,NW,,Fort McMurray
5574401,4751,,2,4,2026-09-29 12:00:00,9.7,,,,96,,12,,2,,,9.7,,,,,,,,39.6,0.1,1.7,3.3,164.4,0,0,,,FCA,SE,,Fort McMurray
5574478,1611,,2,1,2026-09-29 12:00:00,9.1,,,,93.8,,12,27,2,,,9,,,,,,,,59.7,0.7,33,55.9,457.2,0.1,2,,,GLA,W,,Fort McMurray
5574316,4711,,2,1,2026-09-29 12:00:00,9.3,,,,91,,15,,2.2,,,8,,,,,,,,57.9,0.8,33.5,55.6,408.1,0.1,2.1,,,HRA,W,,Fort McMurray
5574404,2632,,2,1,2026-09-29 12:00:00,8.1,,,,75.8,,5,28,1.5,,,5,,,,,,,,57.6,0.4,3.7,5.2,21.8,0,0.2,,,JEA,W,,Fort McMurray
5574405,2411,,2,3,2026-09-29 12:00:00,9,,,,94,,8,24,6.55,,,9,,,,,,,,28.7,0,2.8,5.3,130.9,0,0,,,JOA,SW,,Fort McMurray
5574325,21,,2,3,2026-09-29 12:00:00,8.9,,,,89,,9,,1.8,,,8,,,,,,,,54.8,0.4,46.3,74.3,470.4,0.03,1,,,L3,SW,,Fort McMurray
5574408,23,,2,3,2026-09-29 12:00:00,12.4,,,,73,,15,,0.4,,,8,,,,,,,,77.5,1.9,7.1,13.1,192.9,0.1,2.1,,,L5,SW,,Fort McMurray
5574326,2631,,2,1,2026-09-29 12:00:00,5.5,,,,88,,11,33,0.6,,,4,,,,,,,,68.3,1,4,7.7,190,0.01,0.5,,,LGA,W,,Fort McMurray
5574409,2371,,2,3,2026-09-29 12:00:00,8.6,,,,96,,7,,2,,,8.6,,,,,,,,51.8,0.3,14.1,25,270.4,0,0.3,,,MUA,SW,,Fort McMurray
5574346,2691,,2,3,2026-09-29 12:00:00,9.8,,,,88,,17,,0.6,,,8,,,,,,,,60,1,3.7,6.9,112.1,0.01,0.5,,,PYA,SW,,Fort McMurray
5574415,2291,,2,3,2026-09-29 12:00:00,11.8,,,,70,,10,,0.8,,,7,,,,,,,,78.2,1.6,9.4,17.3,272.5,0.09,2,,,RIA,SW,,Fort McMurray
5574261,4111,,2,3,2026-09-29 12:00:00,8,,,,95,,12,27,1.2,,,8,,,,,,,,52.2,0.4,41.2,66.8,441.8,0.02,0.8,,,STA,SW,,Fort McMurray
5574502,2014,,2,5,2026-09-29 12:00:00,10.8,,,,83,,8,,0.3,,,9,,,,,,,,66.2,0.8,4.1,7.9,316.3,0.01,0.4,,,SWG,S,,Fort McMurray
5574512,4611,,2,8,2026-09-29 12:00:00,10.2,,,,97,,20,36,1,,,10,,,,,,,,70.7,1.8,50,79,472.2,0.91,7.3,,,WMX,N,,Fort McMurray
5574517,3612,,2,1,2026-09-29 12:00:00,11.9,,,,72,,27,44,1,,,8,,,,,,,,79.8,4.4,47.9,78.9,555.7,3.44,15.4,,,XMM,W,,Fort McMurray
5574522,3611,,2,2,2026-09-29 12:00:00,9.5,,,,95,,4,,1.2,,,9,,,,,,,,39.8,0,4.2,8.2,340.4,0,0,,,ZSM,E,,Fort McMurray
5574267,2758,,2,8,2026-09-29 12:00:00,8.1,,,,46,,8,27,0,,,-2,,,,,,,,66.8,0.8,10.9,20.2,361.9,0.02,0.8,,,AWA,N,,Grande Prairie
5574269,2755,,2,1,2026-09-29 12:00:00,9.6,,,,43,,20,37,0,,,-2,,,,,,,,82.9,4.4,10.1,17.8,189.5,0.76,6.6,,,BDA,W,,Grande Prairie
5574298,2472,,2,1,2026-09-29 12:00:00,10.7,,,,41,,8,27,0,,,-1,,,,,,,,82.6,2.3,11.4,18.4,117.3,0.24,3.5,,,ECA,W,,Grande Prairie
5574305,2757,,2,8,2026-09-29 12:00:00,11.1,,,,37,,6,23,0,,,-2,,,,,,,,83.8,2.4,17.1,24.1,102.2,0.38,4.5,,,FPA,N,,Grande Prairie
5574402,118,,2,1,2026-09-29 12:00:00,8,,,,40,,9,28,0,,,-4,,,,,,,,83.5,2.7,20.1,29.8,144.5,0.59,5.7,,,G1,W,,Grande Prairie
5574403,119,,2,1,2026-09-29 12:00:00,9.4,,,,40,,9,31,0,,,-3,,,,,,,,,,,,,,,,,G2,W,,Grande Prairie
5574321,2752,,2,7,2026-09-29 12:00:00,9.6,,,,39,,22,,0,,,-3,,,,,,,,84.1,5.7,13.1,16.5,55.9,1.07,8,,,KAA,NW,,Grande Prairie
5574335,2751,,2,7,2026-09-29 12:00:00,5.8,,,,50,,13,43,0,,,-3,,,,,,,,74.6,1.4,4.4,6.6,32.3,0.01,0.7,,,NMA,NW,,Grande Prairie
5574341,2092,,2,1,2026-09-29 12:00:00,11.1,,,,48,,19,,0,,,1,,,,,,,,85.1,5.6,14.3,25,244.9,1.56,9.9,,,PEA,W,,Grande Prairie
5574498,2111,,2,1,2026-09-29 12:00:00,9,,,,46,,25,42,0,,,-1,,,,,,,,83.3,5.9,8.4,15,180.6,1.04,7.9,,,PTA,W,,Grande Prairie
5574344,2756,,2,8,2026-09-29 12:00:00,8.7,,,,59,,5,33,0,,,2,,,,,,,,72.9,0.9,6.9,10.3,50.7,0.01,0.5,,,PUA,N,,Grande Prairie
5574358,2754,,2,1,2026-09-29 12:00:00,7.5,,,,51,,6,24,0,,,-1,,,,,,,,65.1,0.7,5.4,10.3,296.9,0.01,0.4,,,SAA,W,,Grande Prairie
5574364,2473,,2,3,2026-09-29 12:00:00,9.4,,,,45,,10,36,0,,,-1,,,,,,,,82.7,2.6,13.1,18.2,74.1,0.3,3.9,,,SNA,SW,,Grande Prairie
5574377,1593,,2,1,2026-09-29 12:00:00,10.8,,,,54,,21,,0,,,2,,,,,,,,84.7,5.8,16,27.6,250.5,1.82,10.7,,,VVA,W,,Grande Prairie
5574507,3096,,2,1,2026-09-29 12:00:00,10.8,,,,45,,30,46,0,,,0,,,,,,,,85.9,10.9,22.7,41,535.9,6.15,21.4,,,WBM,W,,Grande Prairie
5574386,2753,,2,3,2026-09-29 12:00:00,7.3,,,,54,,13,33,0.2,,,-1,,,,,,,,62.1,0.9,3.9,7.3,121.8,0.01,0.5,,,WMA,SW,,Grande Prairie
5574389,3098,,2,1,2026-09-29 12:00:00,10.3,,,,51,,30,,0,,,1,,,,,,,,74,3.3,8.8,16.9,480.4,0.44,4.8,,,XSA,W,,Grande Prairie
5574263,3152,,2,8,2026-09-29 12:00:00,5.8,,,,87,,9,28,0.8,,,4,,,,,,,,79,1.6,22.8,40,415.1,0.34,4.2,,,AMA,N,,High Level
5574271,4771,,2,3,2026-09-29 12:00:00,5,,,,80,,8,32,0,,,2,,,,,,,,65,0.8,5.5,10.1,144.7,0.01,0.5,,,BFA,SW,,High Level
5574458,89,,2,3,2026-09-29 12:00:00,10.8,,,,59,,11,,0.8,,,4,,,,,,,,73.7,1.2,6.2,11.4,190.4,0.02,0.8,,,F1,SW,,High Level
5574436,90,,2,7,2026-09-29 12:00:00,7.6,,,,79,,7,23,0,,,5,,,,,,,,65.1,0.8,3.2,6.2,237.7,0,0.4,,,F2,NW,,High Level
5574459,91,,2,1,2026-09-29 12:00:00,11.8,,,,57,,16,,0,,,4,,,,,,,,73.2,1.6,3,5.6,102.3,0.01,0.7,,,F3,W,,High Level
5574400,93,,2,7,2026-09-29 12:00:00,4.2,,,,91,,18,37,2,,,3,,,,,,,,30.8,0,10.5,19.7,385.2,0,0,,,F5,NW,,High Level
5574301,3151,,2,8,2026-09-29 12:00:00,3.3,,,,100,,16,34,0,,,3.3,,,,,,,,44.2,0.2,1.9,3.7,141.2,0,0.1,,,FGA,N,,High Level
5574302,2811,,2,1,2026-09-29 12:00:00,8.7,,,,70,,17,,0,,,4,,,,,,,,75.7,1.9,7.4,13.9,280.8,0.1,2.1,,,FLA,W,,High Level
5574340,3031,,2,7,2026-09-29 12:00:00,3.4,,,,97,,19,,2.2,,,3,,,,,,,,24.9,0,7.7,14.1,202,0,0,,,PDA,NW,,High Level
5574342,3053,,2,3,2026-09-29 12:00:00,2.5,,,,99,,15,34,1,,,2.5,,,,,,,,50.2,0.4,1.3,2.6,146.6,0,0.1,,,POA,SW,,High Level
5574349,2851,,2,7,2026-09-29 12:00:00,9.4,,,,56,,13,30,0,,,2,,,,,,,,81.2,2.5,17,30.1,328.5,0.52,5.3,,,RBA,NW,,High Level
5574353,1311,,2,1,2026-09-29 12:00:00,8.6,,,,71,,30,,0,,,4,,,,,,,,76.9,3.9,8.9,16.5,284.3,0.59,5.7,,,RLA,W,,High Level
5574370,1332,,2,1,2026-09-29 12:00:00,9.5,,,,62,,27,,0,,,3,,,,,,,,78.4,3.8,11.1,20.6,346.5,0.7,6.3,,,TGA,W,,High Level
5574509,3751,,2,3,2026-09-29 12:00:00,11.7,,,,65,,5,24,0,,,6,,,,,,,,77.8,1.2,9.3,17.6,420.5,0.03,1,,,WGF,SW,,High Level
5574421,3072,,2,1,2026-09-29 12:00:00,9,,,,59,,15,34,0,,,2,,,,,,,,68.3,1.3,3.1,3.5,10.1,0.01,0.5,,,WUA,W,,High Level
5574422,3052,,2,1,2026-09-29 12:00:00,7.8,,,,96,,10,,0.2,,,7.8,,,,,,,,47.9,0.2,9,17,442.4,0,0.2,,,YAA,W,,High Level
5574423,4791,,2,1,2026-09-29 12:00:00,6.2,,,,73,,14,32,0.2,,,2,,,,,,,,82.9,3.2,16.9,30,345.5,0.8,6.8,,,ZAA,W,,High Level
5574461,4273,,2,1,2026-09-29 12:00:00,11.2,,,,59,,26,46,0.2,,,4,,,,,,,,83.9,6.8,31.4,47.9,252.9,3.82,16.3,,,ABEE,W,,Lac La Biche
5574265,2091,,2,1,2026-09-29 12:00:00,11.1,,,,63,,31,,0,,,5,,,,,,,,83.4,8.1,35.6,56.7,347,5.62,20.3,,,AOA,W,,Lac La Biche
5574462,4278,,2,1,2026-09-29 12:00:00,11.4,,,,55.6,,22,50,0.1,,,3,,,,,,,,83.7,5.4,29.1,48.4,361.2,2.81,13.7,,,ATHA,W,,Lac La Biche
5574465,4276,,2,1,2026-09-29 12:00:00,14.7,,,,50.3,,22,37,0,,,5,,,,,,,,88.3,10.2,57.5,84.1,390.9,10.81,29.4,,,BDAM,W,,Lac La Biche
5574398,1691,,2,7,2026-09-29 12:00:00,12.9,,,,50,,14,46,0,,,3,,,,,,,,77.4,1.8,22.2,37.6,301.3,0.39,4.5,,,CMA,NW,,Lac La Biche
5574285,1772,,2,9,2026-09-29 12:00:00,8.7,,,,93,,0,,2.6,,,8,,,,,,,,47.5,0.1,23.2,39.7,342.9,0,0.2,,,CPA,CLM,,Lac La Biche
5574286,3451,,2,1,2026-09-29 12:00:00,7.5,,,,89,,18,37,0.47,,,6,,,,,,,,78.8,2.5,18.6,31.4,254.9,0.56,5.5,,,CRA,W,,Lac La Biche
5574291,1833,,2,1,2026-09-29 12:00:00,10.6,,,,58,,28,,0,,,3,,,,,,,,79.3,4.3,32.9,55.4,439.5,2.39,12.5,,,DLA,W,,Lac La Biche
5574474,4275,,2,1,2026-09-29 12:00:00,12.7,,,,47,,17,35,0,,,2,,,,,,,,86.3,6,37.2,54,246.1,3.63,15.9,,,ELKI,W,,Lac La Biche
5574313,1694,,2,6,2026-09-29 12:00:00,7.9,,,,80,,9,27,0.12,,,5,,,,,,,,78.8,1.6,13.9,23.6,191.3,0.15,2.6,,,HLA,NE,,Lac La Biche
5574314,3311,,2,7,2026-09-29 12:00:00,13.7,,,,47,,26,,0,,,3,,,,,,,,86.4,9.4,32,49.2,265,6.03,21.2,,,HOA,NW,,Lac La Biche
5574322,1731,,2,1,2026-09-29 12:00:00,11.2,,,,65,,11,47,0.6,,,5,,,,,,,,82.8,2.7,23.8,38.3,246.1,0.81,6.8,,,KBA,W,,Lac La Biche
5574485,4277,,2,1,2026-09-29 12:00:00,10.7,,,,59.1,,37,,0.4,,,4,,,,,,,,84.1,12.1,28.4,47.9,383.4,8,24.8,,,KINI,W,,Lac La Biche
5574406,143,,2,1,2026-09-29 12:00:00,8.6,,,,91,,5,26,4.2,,,8,,,,,,,,39.1,0,30.6,52.4,456.4,0,0.1,,,L1,W,,Lac La Biche
5574407,4571,,2,1,2026-09-29 12:00:00,11.6,,,,55,,29,47,0.6,,,3,,,,,,,,84.7,8.7,42.1,62.7,307,6.78,22.6,,,L2A,W,,Lac La Biche
5574487,4274,,2,1,2026-09-29 12:00:00,11.3,,,,51.9,,37,57,0,,,2,,,,,,,,85.5,14.5,28,45.9,321.8,9.68,27.6,,,LEGA,W,,Lac La Biche
5574488,4272,,2,1,2026-09-29 12:00:00,14.1,,,,46.2,,37,52,0,,,3,,,,,,,,88.6,22.7,41.4,65.9,404.3,22.09,44,,,LIND,W,,Lac La Biche
5574327,1773,,2,1,2026-09-29 12:00:00,9.5,,,,77,,8,26,0.8,,,6,,,,,,,,76.8,1.3,33.8,53.3,312.7,0.32,4,,,LMA,W,,Lac La Biche
5574437,1751,,2,7,2026-09-29 12:00:00,5.8,,,,94,,16,51,1.4,,,5,,,,,,,,61.7,1,18.1,31.7,323.5,0.08,1.8,,,MYA,NW,,Lac La Biche
5574494,4271,,2,1,2026-09-29 12:00:00,12.3,,,,48.1,,23,43,0,,,2,,,,,,,,87.2,9.2,59,79.7,307,9.07,26.6,,,OLIV,W,,Lac La Biche
5574496,3707,,2,1,2026-09-29 12:00:00,13.3,,,,43.8,,34,56,0,,,2,,,,,,,,87.2,16,32.9,52.6,326.5,12.23,31.5,,,PAUL,W,,Lac La Biche
5574338,3271,,2,1,2026-09-29 12:00:00,12.4,,,,49,,27,,0,,,3,,,,,,,,85.5,8.8,22.5,39,363.1,4.44,17.8,,,PBA,W,,Lac La Biche
5574345,1832,,2,1,2026-09-29 12:00:00,10.3,,,,64,,35,,0.41,,,4,,,,,,,,76.9,5.1,22.1,37.5,307,2.01,11.4,,,PVA,W,,Lac La Biche
5574350,1335,,2,7,2026-09-29 12:00:00,12.1,,,,58,,32,,0,,,5,,,,,,,,86.4,12.9,51.6,71.2,287.5,12.26,31.6,,,RCA,NW,,Lac La Biche
5574457,1791,,2,3,2026-09-29 12:00:00,8.7,,,,80,,11,34,0.4,,,6,,,,,,,,82.4,2.6,35,57.1,386.1,1.16,8.4,,,RHA,SW,,Lac La Biche
5574352,1713,,2,7,2026-09-29 12:00:00,10.5,,,,57,,19,41,0.55,,,3,,,,,,,,70.4,1.7,15.6,28.1,355.1,0.21,3.2,,,RKA,NW,,Lac La Biche
5574363,1334,,2,1,2026-09-29 12:00:00,11,,,,57,,25,,0.41,,,3,,,,,,,,86.6,9.3,57.2,82,360.8,9.35,27.1,,,SLA,W,,Lac La Biche
5574417,1693,,2,1,2026-09-29 12:00:00,13.7,,,,45,,24,50,0,,,3,,,,,,,,86.1,8.2,29,46.4,287.2,4.76,18.5,,,SRA,W,,Lac La Biche
5574500,4279,,2,7,2026-09-29 12:00:00,11.6,,,,52.9,,36,51,0,,,3,,,,,,,,87.1,17.4,43.2,61.3,264.3,15.32,35.8,,,STAL,NW,,Lac La Biche
5574387,1692,,2,7,2026-09-29 12:00:00,10.6,,,,67,,17,,0.8,,,5,,,,,,,,80.7,2.9,28.6,46.1,298.5,1.08,8,,,WRA,NW,,Lac La Biche
5574520,3871,,2,1,2026-09-29 12:00:00,11.6,,,,57,,28,47,0.3,,,4,,,,,,,,78.9,4.2,22.2,37.6,308.5,1.54,9.8,,,ZIL,W,,Lac La Biche
5574521,3091,,2,1,2026-09-29 12:00:00,11.1,,,,73,,20,40,0,,,7,,,,,,,,84.4,5.3,53.3,83.3,476.7,4.75,18.5,,,ZLH,W,,Lac La Biche
5574274,2474,,2,1,2026-09-29 12:00:00,10.7,,,,41,,19,40,0,,,-1,,,,,,,,82.2,3.8,6.4,12,212.3,0.39,4.5,,,BRA,W,,Peace River
5574275,2791,,2,1,2026-09-29 12:00:00,9.8,,,,48,,21,39,0,,,0,,,,,,,,85,6.1,59.3,97.8,694.9,6.52,22.1,,,BSA,W,,Peace River
5574281,2375,,2,1,2026-09-29 12:00:00,9.3,,,,45,,11,31,0,,,-1,,,,,,,,78.7,1.7,7.5,14,254,0.08,1.9,,,CAA,W,,Peace River
5574287,2451,,2,1,2026-09-29 12:00:00,9.5,,,,53,,4,28,0.2,,,1,,,,,,,,72.2,0.8,9,16,185.5,0.01,0.7,,,CUA,W,,Peace River
5574288,2151,,2,3,2026-09-29 12:00:00,11.5,,,,46,,23,,0.42,,,1,,,,,,,,82.5,4.8,20.9,37.5,451.1,1.89,11,,,CXA,SW,,Peace River
5574472,1411,,2,1,2026-09-29 12:00:00,6.4,,,,67,,18,,0,,,1,,,,,,,,71.7,1.6,6,11.4,250.8,0.04,1.3,,,DGA,W,,Peace River
5574293,2393,,2,1,2026-09-29 12:00:00,12,,,,39,,26,,0,,,-1,,,,,,,,85.9,8.9,7.7,14.3,242,1.86,10.9,,,DWA,W,,Peace River
5574300,2032,,2,1,2026-09-29 12:00:00,11.4,,,,42,,26,,0,,,-1,,,,,,,,86.6,9.7,26,46.6,567.5,5.98,21,,,EUA,W,,Peace River
5574304,2392,,2,8,2026-09-29 12:00:00,6.4,,,,60,,15,43,0,,,0,,,,,,,,73.5,1.5,7.4,13.5,181.7,0.05,1.4,,,FOA,N,,Peace River
5574311,2731,,2,7,2026-09-29 12:00:00,9.4,,,,49,,15,37,0,,,0,,,,,,,,77.1,1.9,5.1,9.4,174.2,0.05,1.4,,,HHA,NW,,Peace River
5574312,2432,,2,1,2026-09-29 12:00:00,7.3,,,,52,,10,34,0,,,-1,,,,,,,,74.6,1.2,6.2,10.6,91.3,0.02,0.8,,,HKA,W,,Peace River
5574318,3132,,2,1,2026-09-29 12:00:00,11.6,,,,49,,27,,0,,,2,,,,,,,,84.7,7.9,9.1,16.9,329.8,1.8,10.7,,,HZA,W,,Peace River
5574320,2351,,2,1,2026-09-29 12:00:00,10.8,,,,57,,27,,0,,,3,,,,,,,,78.8,3.9,12.1,20.8,185.9,0.75,6.5,,,JCA,W,,Peace River
5574323,2491,,2,3,2026-09-29 12:00:00,8.5,,,,50,,5,31,0,,,-1,,,,,,,,73.1,0.9,5.9,10.4,118.4,0.01,0.6,,,KEA,SW,,Peace River
5574324,2372,,2,1,2026-09-29 12:00:00,9.9,,,,59,,24,39,0.2,,,3,,,,,,,,69.3,2.1,7.2,12.8,147.2,0.11,2.2,,,KMA,W,,Peace River
5574410,168,,2,1,2026-09-29 12:00:00,11.6,,,,35,,13,34,0,,,-3,,,,,,,,85.9,4.6,16.4,29.5,376,1.38,9.2,,,P1,W,,Peace River
5574411,169,,2,1,2026-09-29 12:00:00,10.8,,,,46,,23,41,0,,,0,,,,,,,,77.2,2.8,6.9,12.8,209.4,0.24,3.4,,,P2,W,,Peace River
5574339,3131,,2,1,2026-09-29 12:00:00,11.5,,,,53,,26,,0,,,3,,,,,,,,84.3,7.1,9.6,17.6,273.8,1.61,10,,,PBN,W,,Peace River
5574369,3133,,2,1,2026-09-29 12:00:00,11.8,,,,39,,24,,0,,,-1,,,,,,,,85.7,7.7,10.3,18.5,221.6,1.9,11,,,TCA,W,,Peace River
5574384,2711,,2,1,2026-09-29 12:00:00,9.4,,,,51,,9,32,0,,,0,,,,,,,,74,1.1,5.6,10.5,195.2,0.01,0.7,,,WDA,W,,Peace River
5574388,2031,,2,1,2026-09-29 12:00:00,10.9,,,,50,,21,,0,,,1,,,,,,,,82.8,4.5,15.2,27.6,387.3,1.26,8.7,,,WYA,W,,Peace River
5574391,40,,2,1,2026-09-29 12:00:00,14.2,,,,33,,19,,0,,,-1,,,,,,,,91.8,14.4,45.1,72.5,462.1,14.25,34.4,,,B3,W,,Rocky Mtn House
5574272,3251,,2,1,2026-09-29 12:00:00,9,,,,45,,3,33,0,,,-2,,,,,,,,87.9,3.7,22.6,36.9,252.5,1.26,8.7,,,BHA,W,,Rocky Mtn House
5574276,3191,,2,6,2026-09-29 12:00:00,6.6,,,,72,,11,,0,,,2,,,,,,,,77.2,1.5,8.9,16.4,263.6,0.08,1.8,,,BTA,NE,,Rocky Mtn House
5574277,3231,,2,7,2026-09-29 12:00:00,11.4,,,,47,,6,22,0,,,1,,,,,,,,81.1,1.7,14.1,24.1,209.1,0.19,3,,,BZA,NW,,Rocky Mtn House
5574290,3371,,2,7,2026-09-29 12:00:00,11.7,,,,60,,14,,0,,,5,,,,,,,,84.3,3.9,24.5,41.4,335.2,1.5,9.6,,,DHA,NW,,Rocky Mtn House
5574473,3697,,2,7,2026-09-29 12:00:00,16.7,,,,41,,35,,0,,,4,,,,,,,,90,25.2,42.8,69.8,474.9,26.08,48.4,,,EDGE,NW,,Rocky Mtn House
5574476,3696,,2,7,2026-09-29 12:00:00,17,,,,39,,20,,0,,,4,,,,,,,,89.9,11.7,39.8,66.8,519.3,10.3,28.6,,,FLEE,NW,,Rocky Mtn House
5574484,3703,,2,7,2026-09-29 12:00:00,15.7,,,,40.1,,37,55,0,,,3,,,,,,,,88.3,21.7,54.6,82.3,417.1,25.23,47.5,,,KILL,NW,,Rocky Mtn House
5574486,3702,,2,8,2026-09-29 12:00:00,11.8,,,,58.8,,24,40,0,,,5,,,,,,,,87,9.4,29.4,49,364.1,5.94,21,,,LEED,N,,Rocky Mtn House
5574330,3791,,2,9,2026-09-29 12:00:00,10.1,,,,58,,0,,0,,,3,,,,,,,,77,0.9,17.7,30.2,251.1,0.04,1.2,,,MDA,CLM,,Rocky Mtn House
5574492,1591,,2,4,2026-09-29 12:00:00,9.6,,,,59,,4,,0,,,3,,,,,,,,80.9,1.5,19.4,33.6,318,0.24,3.4,,,NDA,SE,,Rocky Mtn House
5574493,3709,,2,8,2026-09-29 12:00:00,16.2,,,,37.2,,24,,0,,,2,,,,,,,,88.3,11.3,35,60.6,558.5,9.1,26.7,,,OLDS,N,,Rocky Mtn House
5574347,180,,2,7,2026-09-29 12:00:00,11.9,,,,49,,2,27,0,,,2,,,,,,,,82.9,1.8,19.1,27.8,128,0.25,3.5,,,R1,NW,,Rocky Mtn House
5574348,181,,2,1,2026-09-29 12:00:00,12.3,,,,31,,23,40,0,,,-4,,,,,,,,87.7,9.9,38.8,62.1,387.9,7.91,24.6,,,R2,W,,Rocky Mtn House
5574413,182,,2,7,2026-09-29 12:00:00,14.1,,,,41,,5,,0,,,2,,,,,,,,86.3,3.3,12.9,21.2,148.4,0.55,5.5,,,R3,NW,,Rocky Mtn House
5574414,183,,2,3,2026-09-29 12:00:00,13.9,,,,37,,9,26,0.2,,,0,,,,,,,,88.9,5.8,46,76.7,578.2,4.89,18.8,,,R4,SW,,Rocky Mtn House
5574361,3171,,2,6,2026-09-29 12:00:00,11.8,,,,53,,3,23,0,,,3,,,,,,,,83.8,2.1,38.7,65.2,517,0.96,7.5,,,SHA,NE,,Rocky Mtn House
5574501,3705,,2,7,2026-09-29 12:00:00,16.1,,,,42.1,,31,,0.1,,,4,,,,,,,,89.6,19.4,41.4,68,478.9,19.07,40.5,,,STET,NW,,Rocky Mtn House
5574367,3291,,2,9,2026-09-29 12:00:00,8.2,,,,61,,0,,0,,,2,,,,,,,,81.2,1.3,24,41,345.1,0.22,3.3,,,SUA,CLM,,Rocky Mtn House
5574374,3211,,2,6,2026-09-29 12:00:00,11.1,,,,51,,3,,0,,,2,,,,,,,,84.8,2.4,30,51.5,456.5,0.91,7.3,,,TSA,NE,,Rocky Mtn House
5574503,3714,,2,1,2026-09-29 12:00:00,14.5,,,,42,,39,60,0,,,2,,,,,,,,89.3,27.9,92.7,129,530,46.16,66.8,,,VEGR,W,,Rocky Mtn House
5574504,3713,,2,1,2026-09-29 12:00:00,15.4,,,,45.7,,27,44,0,,,4,,,,,,,,87.4,11.4,43,69.5,452.4,10.44,28.8,,,VERM,W,,Rocky Mtn House
5574508,3710,,2,7,2026-09-29 12:00:00,12.2,,,,44.1,,24,50,0,,,1,,,,,,,,86.8,9.1,50.2,79.3,470.6,8.9,26.4,,,WETA,NW,,Rocky Mtn House
5574516,4633,,2,7,2026-09-29 12:00:00,13.9,,,,45,,26,47,0,,,3,,,,,,,,88.9,13.6,54.3,80.6,390.9,14.57,34.8,,,XEG,NW,,Rocky Mtn House
5574518,4632,,2,8,2026-09-29 12:00:00,13.6,,,,49,,28,,0,,,4,,,,,,,,88.3,13.7,39.1,64.9,475.2,12.16,31.4,,,YQF,N,,Rocky Mtn House
5574289,1931,,2,1,2026-09-29 12:00:00,9.8,,,,64,,18,37,0.4,,,4,,,,,,,,78.9,2.5,12.7,23.5,384.5,0.4,4.5,,,CYA,W,,Slave Lake
5574292,1992,,2,1,2026-09-29 12:00:00,6.8,,,,64,,19,39,0,,,1,,,,,,,,78.9,2.7,7.2,12.7,133.8,0.21,3.1,,,DMA,W,,Slave Lake
5574299,1976,,2,7,2026-09-29 12:00:00,9.5,,,,61,,9,35,0.6,,,3,,,,,,,,65.6,0.8,7.4,13.9,265.8,0.01,0.6,,,EHA,NW,,Slave Lake
5574307,1991,,2,7,2026-09-29 12:00:00,6.2,,,,69,,10,33,0.2,,,1,,,,,,,,61.8,0.8,4.2,8.1,218.9,0.01,0.4,,,FTA,NW,,Slave Lake
5574310,1854,,2,1,2026-09-29 12:00:00,10.5,,,,50,,9,47,0,,,1,,,,,,,,83.2,2.6,9.3,17.1,256.8,0.29,3.8,,,GTA,W,,Slave Lake
5574483,1951,,2,1,2026-09-29 12:00:00,5.2,,,,75.8,,27,42,0.3,,,2,,,,,,,,57.5,1.3,3.5,4.8,18.8,0.01,0.6,,,HMA,W,,Slave Lake
5574315,1373,,2,1,2026-09-29 12:00:00,10.8,,,,60,,23,,0,,,4,,,,,,,,82.2,4.7,12.5,22.9,330,1.1,8.1,,,HPA,W,,Slave Lake
5574333,1979,,2,7,2026-09-29 12:00:00,11.1,,,,50,,11,35,0,,,2,,,,,,,,80.4,2.1,12.9,22.9,253.8,0.26,3.6,,,MQA,NW,,Slave Lake
5574334,3391,,2,7,2026-09-29 12:00:00,9.5,,,,61,,31,60,0,,,3,,,,,,,,66.3,2.6,5.8,11.1,334.8,0.17,2.8,,,MRA,NW,,Slave Lake
5574336,1973,,2,1,2026-09-29 12:00:00,9.9,,,,49,,19,45,0.8,,,0,,,,,,,,69,1.6,5.3,9.6,137.8,0.02,0.9,,,OLA,W,,Slave Lake
5574337,1932,,2,1,2026-09-29 12:00:00,10.1,,,,68,,2,18,0.6,,,5,,,,,,,,55.7,0.3,5.7,10.7,203.6,0,0.2,,,PAA,W,,Slave Lake
5574412,1891,,2,1,2026-09-29 12:00:00,10.7,,,,59,,8,23,0.5,,,4,,,,,,,,70.3,0.9,21.8,37,308.2,0.09,1.9,,,PMT,W,,Slave Lake
5574351,1853,,2,8,2026-09-29 12:00:00,10.9,,,,53,,7,25,0,,,2,,,,,,,,76.7,1.2,9.4,17.2,254.7,0.03,1,,,REA,N,,Slave Lake
5574416,216,,2,1,2026-09-29 12:00:00,10.1,,,,56,,14,41,0.6,,,2,,,,,,,,75.6,1.6,13.3,23.9,296.8,0.16,2.7,,,S1,W,,Slave Lake
5574460,217,,2,1,2026-09-29 12:00:00,8.2,,,,61,,11,36,0,,,2,,,,,,,,,,,,,,,,,S2,W,,Slave Lake
5574354,590,,2,1,2026-09-29 12:00:00,11.3,,,,52,,19,38,0.2,,,2,,,,,,,,78.4,2.5,20.1,36.7,539.5,0.68,6.2,,,S4,W,,Slave Lake
5574355,686,,2,7,2026-09-29 12:00:00,11.1,,,,48,,30,,0.86,,,1,,,,,,,,73.6,3.2,5.5,10.5,276.8,0.25,3.5,,,S5,NW,,Slave Lake
5574356,952,,2,1,2026-09-29 12:00:00,11.4,,,,60,,18,39,0.17,,,4,,,,,,,,73.6,1.8,12.7,23,314.5,0.19,3,,,S6,W,,Slave Lake
5574357,1111,,2,3,2026-09-29 12:00:00,11,,,,57,,14,,0.2,,,3,,,,,,,,82.1,2.9,11.1,19.9,236.3,0.42,4.7,,,S7,SW,,Slave Lake
5574365,1974,,2,3,2026-09-29 12:00:00,11.1,,,,52,,6,26,0,,,2,,,,,,,,72.8,0.9,8.4,15.3,198,0.02,0.7,,,SPA,SW,,Slave Lake
5574366,1852,,2,4,2026-09-29 12:00:00,10.2,,,,64,,12,,0.8,,,4,,,,,,,,63.3,0.9,12.8,22.9,263.5,0.02,0.9,,,SQA,SE,,Slave Lake
5574368,1977,,2,1,2026-09-29 12:00:00,9.2,,,,63,,6,24,0.2,,,3,,,,,,,,70.6,0.9,7.4,12.8,121.8,0.01,0.6,,,SWA,W,,Slave Lake
5574372,1851,,2,1,2026-09-29 12:00:00,9.3,,,,57,,9,36,1,,,2,,,,,,,,69.7,1,5.8,10.3,116,0.01,0.6,,,TMA,W,,Slave Lake
5574373,1975,,2,1,2026-09-29 12:00:00,8.9,,,,69,,6,35,0.6,,,4,,,,,,,,50.7,0.2,4.9,9.4,364.6,0,0.1,,,TPA,W,,Slave Lake
5574385,1972,,2,3,2026-09-29 12:00:00,10.6,,,,51,,9,40,1.2,,,1,,,,,,,,72.9,1.1,6.7,12.1,156.2,0.02,0.7,,,WFA,SW,,Slave Lake
5574428,4206,,2,7,2026-09-29 12:00:00,12.2,,,,47,,25,48,0,,,2,,,,,,,,85,7.4,18.5,32.9,375.7,3.05,14.4,,,723,NW,,Whitecourt
5574434,4195,,2,7,2026-09-29 12:00:00,11.9,,,,42,,21,41,0,,,0,,,,,,,,86.4,7.4,19.8,34.4,324.7,3.15,14.6,,,799,NW,,Whitecourt
5574266,1592,,2,1,2026-09-29 12:00:00,11.2,,,,55,,33,,0,,,3,,,,,,,,82.6,8.1,9.9,18.4,343.8,2.03,11.4,,,ASA,W,,Whitecourt
5574464,3693,,2,1,2026-09-29 12:00:00,12,,,,49,,28,45,0,,,2,,,,,,,,85.1,8.7,18.1,32,342.9,3.69,16,,,BARR,W,,Whitecourt
5574270,1252,,2,7,2026-09-29 12:00:00,9.5,,,,41,,14,32,0,,,-3,,,,,,,,82.9,3.2,13.4,22.2,159.6,0.58,5.6,,,BEA,NW,,Whitecourt
5574297,1251,,2,1,2026-09-29 12:00:00,7.2,,,,62,,12,27,0.2,,,1,,,,,,,,68.6,1.1,5,7.9,49.6,0.01,0.6,,,EAA,W,,Whitecourt
5574479,4293,,2,7,2026-09-29 12:00:00,11.8,,,,46.1,,29,53,0,,,1,,,,,,,,85.8,10.2,23.8,39.1,270.9,5.4,19.9,,,GLEN,NW,,Whitecourt
5574480,1371,,2,1,2026-09-29 12:00:00,2.6,,,,89.4,,36,,0.4,,,2,,,,,,,,57.8,2.2,3.9,5.8,28.8,0.03,1,,,GMA,W,,Whitecourt
5574319,1192,,2,7,2026-09-29 12:00:00,5.4,,,,67,,18,39,0,,,0,,,,,,,,70.1,1.6,6.1,11,144.8,0.03,1,,,IMA,NW,,Whitecourt
5574343,1291,,2,7,2026-09-29 12:00:00,9.7,,,,46,,10,40,0,,,-1,,,,,,,,79.4,1.8,6.7,9.2,36.2,0.03,1.1,,,PSA,NW,,Whitecourt
5574359,1231,,2,1,2026-09-29 12:00:00,7.9,,,,67,,27,,0.4,,,3,,,,,,,,74,2.8,6,10.3,91.2,0.19,3,,,SDA,W,,Whitecourt
5574375,1271,,2,1,2026-09-29 12:00:00,10.9,,,,42,,7,31,0,,,-1,,,,,,,,80,1.6,10,15.9,96.3,0.08,1.9,,,TYA,W,,Whitecourt
5574376,1153,,2,7,2026-09-29 12:00:00,11.1,,,,54,,14,41,0,,,3,,,,,,,,79.1,2.1,12.7,23.2,340,0.27,3.7,,,VGA,NW,,Whitecourt
5574438,234,,2,7,2026-09-29 12:00:00,11.1,,,,48,,11,31,0,,,1,,,,,,,,77.7,1.6,11.6,20.8,245.3,0.13,2.4,,,W3,NW,,Whitecourt
5574378,235,,2,1,2026-09-29 12:00:00,10.1,,,,51,,16,38,0,,,1,,,,,,,,80.9,2.8,9.4,17.1,236.6,0.33,4.1,,,W4,W,,Whitecourt
5574379,518,,2,1,2026-09-29 12:00:00,10.1,,,,49,,17,35,0,,,0,,,,,,,,79.7,2.6,9.2,14.8,94.5,0.24,3.4,,,W5,W,,Whitecourt
5574380,549,,2,7,2026-09-29 12:00:00,10.8,,,,50,,13,32,0,,,1,,,,,,,,78.8,1.9,11,19.9,266.9,0.19,3,,,W6,NW,,Whitecourt
5574381,569,,2,3,2026-09-29 12:00:00,10.3,,,,38,,5,29,0,,,-3,,,,,,,,86.1,3.2,23.6,35.1,172.8,0.93,7.4,,,W7,SW,,Whitecourt
5574383,1191,,2,3,2026-09-29 12:00:00,7.1,,,,57,,11,37,0,,,0,,,,,,,,76.2,1.4,6.7,12,141.7,0.03,1,,,WCA,SW,,Whitecourt
